ID,lastName,firstName,city,state,address,country,postalCode,phone,fax,email,password,company,supportRep_ID
1,Gonçalves,Luís,São José dos Campos,SP,"Av. Brigadeiro Faria Lima, 2170",Brazil,12227-000,+55 (12) 3923-5555,+55 (12) 3923-5566,luisg@embraer.com.br,$2b$10$8f5ztDxjf/oz225jNdNB0uCtJSMeVwkchFayUrTS6xEcRVpoyIooC,Embraer - Empresa Brasileira de Aeronáutica S.A.,3
2,Köhler,Leonie,Stuttgart,,Theodor-Heuss-Straße 34,Germany,70174,+49 0711 2842222,,leonekohler@surfeu.de,$2b$10$8f5ztDxjf/oz225jNdNB0uCtJSMeVwkchFayUrTS6xEcRVpoyIooC,,5
3,Tremblay,François,Montréal,QC,1498 rue Bélanger,Canada,H2G 1A7,+1 (514) 721-4711,,ftremblay@gmail.com,$2b$10$8f5ztDxjf/oz225jNdNB0uCtJSMeVwkchFayUrTS6xEcRVpoyIooC,,3
4,Hansen,Bjørn,Oslo,,Ullevålsveien 14,Norway,0171,+47 22 44 22 22,,bjorn.hansen@yahoo.no,$2b$10$8f5ztDxjf/oz225jNdNB0uCtJSMeVwkchFayUrTS6xEcRVpoyIooC,,4
5,Wichterlová,František,Prague,,Klanova 9/506,Czech Republic,14700,+420 2 4172 5555,+420 2 4172 5555,frantisekw@jetbrains.com,$2b$10$8f5ztDxjf/oz225jNdNB0uCtJSMeVwkchFayUrTS6xEcRVpoyIooC,JetBrains s.r.o.,4
6,Holý,Helena,Prague,,Rilská 3174/6,Czech Republic,14300,+420 2 4177 0449,,hholy@gmail.com,$2b$10$8f5ztDxjf/oz225jNdNB0uCtJSMeVwkchFayUrTS6xEcRVpoyIooC,,5
7,Gruber,Astrid,Vienne,,"Rotenturmstraße 4, 1010 Innere Stadt",Austria,1010,+43 01 5134505,,astrid.gruber@apple.at,$2b$10$8f5ztDxjf/oz225jNdNB0uCtJSMeVwkchFayUrTS6xEcRVpoyIooC,,5
8,Peeters,Daan,Brussels,,Grétrystraat 63,Belgium,1000,+32 02 219 03 03,,daan_peeters@apple.be,$2b$10$8f5ztDxjf/oz225jNdNB0uCtJSMeVwkchFayUrTS6xEcRVpoyIooC,,4
9,Nielsen,Kara,Copenhagen,,Sønder Boulevard 51,Denmark,1720,+453 3331 9991,,kara.nielsen@jubii.dk,$2b$10$8f5ztDxjf/oz225jNdNB0uCtJSMeVwkchFayUrTS6xEcRVpoyIooC,,4
10,Martins,Eduardo,São Paulo,SP,"Rua Dr. Falcão Filho, 155",Brazil,01007-010,+55 (11) 3033-5446,+55 (11) 3033-4564,eduardo@woodstock.com.br,$2b$10$8f5ztDxjf/oz225jNdNB0uCtJSMeVwkchFayUrTS6xEcRVpoyIooC,Woodstock Discos,4
11,Rocha,Alexandre,São Paulo,SP,"Av. Paulista, 2022",Brazil,01310-200,+55 (11) 3055-3278,+55 (11) 3055-8131,alero@uol.com.br,$2b$10$8f5ztDxjf/oz225jNdNB0uCtJSMeVwkchFayUrTS6xEcRVpoyIooC,Banco do Brasil S.A.,5
12,Almeida,Roberto,Rio de Janeiro,RJ,"Praça Pio X, 119",Brazil,20040-020,+55 (21) 2271-7000,+55 (21) 2271-7070,roberto.almeida@riotur.gov.br,$2b$10$8f5ztDxjf/oz225jNdNB0uCtJSMeVwkchFayUrTS6xEcRVpoyIooC,Riotur,3
13,Ramos,Fernanda,Brasília,DF,Qe 7 Bloco G,Brazil,71020-677,+55 (61) 3363-5547,+55 (61) 3363-7855,fernadaramos4@uol.com.br,$2b$10$8f5ztDxjf/oz225jNdNB0uCtJSMeVwkchFayUrTS6xEcRVpoyIooC,,4
14,Philips,Mark,Edmonton,AB,8210 111 ST NW,Canada,T6G 2C7,+1 (780) 434-4554,+1 (780) 434-5565,mphilips12@shaw.ca,$2b$10$8f5ztDxjf/oz225jNdNB0uCtJSMeVwkchFayUrTS6xEcRVpoyIooC,Telus,5
15,Peterson,Jennifer,Vancouver,BC,700 W Pender Street,Canada,V6C 1G8,+1 (604) 688-2255,+1 (604) 688-8756,jenniferp@rogers.ca,$2b$10$8f5ztDxjf/oz225jNdNB0uCtJSMeVwkchFayUrTS6xEcRVpoyIooC,Rogers Canada,3
16,Harris,Frank,Mountain View,CA,1600 Amphitheatre Parkway,USA,94043-1351,+1 (650) 253-0000,+1 (650) 253-0000,fharris@google.com,$2b$10$8f5ztDxjf/oz225jNdNB0uCtJSMeVwkchFayUrTS6xEcRVpoyIooC,Google Inc.,4
17,Smith,Jack,Redmond,WA,1 Microsoft Way,USA,98052-8300,+1 (425) 882-8080,+1 (425) 882-8081,jacksmith@microsoft.com,$2b$10$8f5ztDxjf/oz225jNdNB0uCtJSMeVwkchFayUrTS6xEcRVpoyIooC,Microsoft Corporation,5
18,Brooks,Michelle,New York,NY,627 Broadway,USA,10012-2612,+1 (212) 221-3546,+1 (212) 221-4679,michelleb@aol.com,$2b$10$8f5ztDxjf/oz225jNdNB0uCtJSMeVwkchFayUrTS6xEcRVpoyIooC,,3
19,Goyer,Tim,Cupertino,CA,1 Infinite Loop,USA,95014,+1 (408) 996-1010,+1 (408) 996-1011,tgoyer@apple.com,$2b$10$8f5ztDxjf/oz225jNdNB0uCtJSMeVwkchFayUrTS6xEcRVpoyIooC,Apple Inc.,3
20,Miller,Dan,Mountain View,CA,541 Del Medio Avenue,USA,94040-111,+1 (650) 644-3358,,dmiller@comcast.com,$2b$10$8f5ztDxjf/oz225jNdNB0uCtJSMeVwkchFayUrTS6xEcRVpoyIooC,,4
21,Chase,Kathy,Reno,NV,801 W 4th Street,USA,89503,+1 (775) 223-7665,,kachase@hotmail.com,$2b$10$8f5ztDxjf/oz225jNdNB0uCtJSMeVwkchFayUrTS6xEcRVpoyIooC,,5
22,Leacock,Heather,Orlando,FL,120 S Orange Ave,USA,32801,+1 (407) 999-7788,,hleacock@gmail.com,$2b$10$8f5ztDxjf/oz225jNdNB0uCtJSMeVwkchFayUrTS6xEcRVpoyIooC,,4
23,Gordon,John,Boston,MA,69 Salem Street,USA,2113,+1 (617) 522-1333,,johngordon22@yahoo.com,$2b$10$8f5ztDxjf/oz225jNdNB0uCtJSMeVwkchFayUrTS6xEcRVpoyIooC,,4
24,Ralston,Frank,Chicago,IL,162 E Superior Street,USA,60611,+1 (312) 332-3232,,fralston@gmail.com,$2b$10$8f5ztDxjf/oz225jNdNB0uCtJSMeVwkchFayUrTS6xEcRVpoyIooC,,3
25,Stevens,Victor,Madison,WI,319 N. Frances Street,USA,53703,+1 (608) 257-0597,,vstevens@yahoo.com,$2b$10$8f5ztDxjf/oz225jNdNB0uCtJSMeVwkchFayUrTS6xEcRVpoyIooC,,5
26,Cunningham,Richard,Fort Worth,TX,2211 W Berry Street,USA,76110,+1 (817) 924-7272,,ricunningham@hotmail.com,$2b$10$8f5ztDxjf/oz225jNdNB0uCtJSMeVwkchFayUrTS6xEcRVpoyIooC,,4
27,Gray,Patrick,Tucson,AZ,1033 N Park Ave,USA,85719,+1 (520) 622-4200,,patrick.gray@aol.com,$2b$10$8f5ztDxjf/oz225jNdNB0uCtJSMeVwkchFayUrTS6xEcRVpoyIooC,,4
28,Barnett,Julia,Salt Lake City,UT,302 S 700 E,USA,84102,+1 (801) 531-7272,,jubarnett@gmail.com,$2b$10$8f5ztDxjf/oz225jNdNB0uCtJSMeVwkchFayUrTS6xEcRVpoyIooC,,5
29,Brown,Robert,Toronto,ON,796 Dundas Street West,Canada,M6J 1V1,+1 (416) 363-8888,,robbrown@shaw.ca,$2b$10$8f5ztDxjf/oz225jNdNB0uCtJSMeVwkchFayUrTS6xEcRVpoyIooC,,3
30,Francis,Edward,Ottawa,ON,230 Elgin Street,Canada,K2P 1L7,+1 (613) 234-3322,,edfrancis@yachoo.ca,$2b$10$8f5ztDxjf/oz225jNdNB0uCtJSMeVwkchFayUrTS6xEcRVpoyIooC,,3
31,Silk,Martha,Halifax,NS,194A Chain Lake Drive,Canada,B3S 1C5,+1 (902) 450-0450,,marthasilk@gmail.com,$2b$10$8f5ztDxjf/oz225jNdNB0uCtJSMeVwkchFayUrTS6xEcRVpoyIooC,,5
32,Mitchell,Aaron,Winnipeg,MB,696 Osborne Street,Canada,R3L 2B9,+1 (204) 452-6452,,aaronmitchell@yahoo.ca,$2b$10$8f5ztDxjf/oz225jNdNB0uCtJSMeVwkchFayUrTS6xEcRVpoyIooC,,4
33,Sullivan,Ellie,Yellowknife,NT,5112 48 Street,Canada,X1A 1N6,+1 (867) 920-2233,,ellie.sullivan@shaw.ca,$2b$10$8f5ztDxjf/oz225jNdNB0uCtJSMeVwkchFayUrTS6xEcRVpoyIooC,,3
34,Fernandes,João,Lisbon,,Rua da Assunção 53,Portugal,,+351 (213) 466-111,,jfernandes@yahoo.pt,$2b$10$8f5ztDxjf/oz225jNdNB0uCtJSMeVwkchFayUrTS6xEcRVpoyIooC,,4
35,Sampaio,Madalena,Porto,,"Rua dos Campeões Europeus de Viena, 4350",Portugal,,+351 (225) 022-448,,masampaio@sapo.pt,$2b$10$8f5ztDxjf/oz225jNdNB0uCtJSMeVwkchFayUrTS6xEcRVpoyIooC,,4
36,Schneider,Hannah,Berlin,,Tauentzienstraße 8,Germany,10789,+49 030 26550280,,hannah.schneider@yahoo.de,$2b$10$8f5ztDxjf/oz225jNdNB0uCtJSMeVwkchFayUrTS6xEcRVpoyIooC,,5
37,Zimmermann,Fynn,Frankfurt,,Berger Straße 10,Germany,60316,+49 069 40598889,,fzimmermann@yahoo.de,$2b$10$8f5ztDxjf/oz225jNdNB0uCtJSMeVwkchFayUrTS6xEcRVpoyIooC,,3
38,Schröder,Niklas,Berlin,,Barbarossastraße 19,Germany,10779,+49 030 2141444,,nschroder@surfeu.de,$2b$10$8f5ztDxjf/oz225jNdNB0uCtJSMeVwkchFayUrTS6xEcRVpoyIooC,,3
39,Bernard,Camille,Paris,,"4, Rue Milton",France,75009,+33 01 49 70 65 65,,camille.bernard@yahoo.fr,$2b$10$8f5ztDxjf/oz225jNdNB0uCtJSMeVwkchFayUrTS6xEcRVpoyIooC,,4
40,Lefebvre,Dominique,Paris,,"8, Rue Hanovre",France,75002,+33 01 47 42 71 71,,dominiquelefebvre@gmail.com,$2b$10$8f5ztDxjf/oz225jNdNB0uCtJSMeVwkchFayUrTS6xEcRVpoyIooC,,4
41,Dubois,Marc,Lyon,,"11, Place Bellecour",France,69002,+33 04 78 30 30 30,,marc.dubois@hotmail.com,$2b$10$8f5ztDxjf/oz225jNdNB0uCtJSMeVwkchFayUrTS6xEcRVpoyIooC,,5
42,Girard,Wyatt,Bordeaux,,"9, Place Louis Barthou",France,33000,+33 05 56 96 96 96,,wyatt.girard@yahoo.fr,$2b$10$8f5ztDxjf/oz225jNdNB0uCtJSMeVwkchFayUrTS6xEcRVpoyIooC,,3
43,Mercier,Isabelle,Dijon,,"68, Rue Jouvence",France,21000,+33 03 80 73 66 99,,isabelle_mercier@apple.fr,$2b$10$8f5ztDxjf/oz225jNdNB0uCtJSMeVwkchFayUrTS6xEcRVpoyIooC,,3
44,Hämäläinen,Terhi,Helsinki,,Porthaninkatu 9,Finland,00530,+358 09 870 2000,,terhi.hamalainen@apple.fi,$2b$10$8f5ztDxjf/oz225jNdNB0uCtJSMeVwkchFayUrTS6xEcRVpoyIooC,,3
45,Kovács,Ladislav,Budapest,,Erzsébet krt. 58.,Hungary,H-1073,,,ladislav_kovacs@apple.hu,$2b$10$8f5ztDxjf/oz225jNdNB0uCtJSMeVwkchFayUrTS6xEcRVpoyIooC,,3
46,O'Reilly,Hugh,Dublin,Dublin,3 Chatham Street,Ireland,,+353 01 6792424,,hughoreilly@apple.ie,$2b$10$8f5ztDxjf/oz225jNdNB0uCtJSMeVwkchFayUrTS6xEcRVpoyIooC,,3
47,Mancini,Lucas,Rome,RM,"Via Degli Scipioni, 43",Italy,00192,+39 06 39733434,,lucas.mancini@yahoo.it,$2b$10$8f5ztDxjf/oz225jNdNB0uCtJSMeVwkchFayUrTS6xEcRVpoyIooC,,5
48,Van der Berg,Johannes,Amsterdam,VV,Lijnbaansgracht 120bg,Netherlands,1016,+31 020 6223130,,johavanderberg@yahoo.nl,$2b$10$8f5ztDxjf/oz225jNdNB0uCtJSMeVwkchFayUrTS6xEcRVpoyIooC,,5
49,Wójcik,Stanisław,Warsaw,,Ordynacka 10,Poland,00-358,+48 22 828 37 39,,stanisław.wójcik@wp.pl,$2b$10$8f5ztDxjf/oz225jNdNB0uCtJSMeVwkchFayUrTS6xEcRVpoyIooC,,4
50,Muñoz,Enrique,Madrid,,C/ San Bernardo 85,Spain,28015,+34 914 454 454,,enrique_munoz@yahoo.es,$2b$10$8f5ztDxjf/oz225jNdNB0uCtJSMeVwkchFayUrTS6xEcRVpoyIooC,,5
51,Johansson,Joakim,Stockholm,,Celsiusg. 9,Sweden,11230,+46 08-651 52 52,,joakim.johansson@yahoo.se,$2b$10$8f5ztDxjf/oz225jNdNB0uCtJSMeVwkchFayUrTS6xEcRVpoyIooC,,5
52,Jones,Emma,London,,202 Hoxton Street,United Kingdom,N1 5LH,+44 020 7707 0707,,emma_jones@hotmail.com,$2b$10$8f5ztDxjf/oz225jNdNB0uCtJSMeVwkchFayUrTS6xEcRVpoyIooC,,3
53,Hughes,Phil,London,,113 Lupus St,United Kingdom,SW1V 3EN,+44 020 7976 5722,,phil.hughes@gmail.com,$2b$10$8f5ztDxjf/oz225jNdNB0uCtJSMeVwkchFayUrTS6xEcRVpoyIooC,,3
54,Murray,Steve,Edinburgh ,,110 Raeburn Pl,United Kingdom,EH4 1HH,+44 0131 315 3300,,steve.murray@yahoo.uk,$2b$10$8f5ztDxjf/oz225jNdNB0uCtJSMeVwkchFayUrTS6xEcRVpoyIooC,,5
55,Taylor,Mark,Sidney,NSW,421 Bourke Street,Australia,2010,+61 (02) 9332 3633,,mark.taylor@yahoo.au,$2b$10$8f5ztDxjf/oz225jNdNB0uCtJSMeVwkchFayUrTS6xEcRVpoyIooC,,4
56,Gutiérrez,Diego,Buenos Aires,,307 Macacha Güemes,Argentina,1106,+54 (0)11 4311 4333,,diego.gutierrez@yahoo.ar,$2b$10$8f5ztDxjf/oz225jNdNB0uCtJSMeVwkchFayUrTS6xEcRVpoyIooC,,4
57,Rojas,Luis,Santiago,,"Calle Lira, 198",Chile,,+56 (0)2 635 4444,,luisrojas@yahoo.cl,$2b$10$8f5ztDxjf/oz225jNdNB0uCtJSMeVwkchFayUrTS6xEcRVpoyIooC,,5
58,Pareek,Manoj,Delhi,,"12,Community Centre",India,110017,+91 0124 39883988,,manoj.pareek@rediff.com,$2b$10$8f5ztDxjf/oz225jNdNB0uCtJSMeVwkchFayUrTS6xEcRVpoyIooC,,3
59,Srivastava,Puja,Bangalore,,"3,Raj Bhavan Road",India,560001,+91 080 22289999,,puja_srivastava@yahoo.in,$2b$10$8f5ztDxjf/oz225jNdNB0uCtJSMeVwkchFayUrTS6xEcRVpoyIooC,,3
